<?xml version="1.0" encoding="UTF-8"  standalone="yes"?>
<PcGts xmlns="http://schema.primaresearch.org/PAGE/gts/pagecontent/2019-07-15" xmlns:xsi="http://www.w3.org/2001/XMLSchema-instance" xsi:schemaLocation="http://schema.primaresearch.org/PAGE/gts/pagecontent/2019-07-15 http://schema.primaresearch.org/PAGE/gts/pagecontent/2019-07-15/pagecontent.xsd">
  <Metadata>
	<Creator>escriptorium</Creator>
	<Created>2025-05-09T13:24:11.836055+00:00</Created>
        <LastChange>2025-05-09T13:24:11.836079+00:00</LastChange>
  </Metadata>
  <Page imageFilename="CodWorm-129.jpg" imageWidth="2453" imageHeight="3135">
  </Page>
</PcGts>
