<?xml version="1.0" encoding="UTF-8"  standalone="yes"?>
<PcGts xmlns="http://schema.primaresearch.org/PAGE/gts/pagecontent/2019-07-15" xmlns:xsi="http://www.w3.org/2001/XMLSchema-instance" xsi:schemaLocation="http://schema.primaresearch.org/PAGE/gts/pagecontent/2019-07-15 http://schema.primaresearch.org/PAGE/gts/pagecontent/2019-07-15/pagecontent.xsd">
  <Metadata>
	<Creator>escriptorium</Creator>
	<Created>2025-04-25T18:27:57.181792+00:00</Created>
        <LastChange>2025-04-25T18:27:57.181818+00:00</LastChange>
  </Metadata>
  <Page imageFilename="AlexS-015.jpg" imageWidth="2051" imageHeight="2924">
  </Page>
</PcGts>
